Metric,Value
AP,0.949047619047619
AR,0.9529411764705882
Accuracy,0.9459459459459459
F1,0.9467039579625393
