Metric,Value
AP,0.9367063492063494
AR,0.9451574569221627
Accuracy,0.9459459459459459
F1,0.940129981990447
