Metric,Value
AP,0.9390476190476191
AR,0.9529411764705882
Accuracy,0.9459459459459459
F1,0.9411138958507379
